leetcode_id,title,difficulty,paid_only,slug,tags
146,LRU Cache,Medium,False,lru-cache,Hash Table; Linked List; Design; Doubly-Linked List
155,Min Stack,Medium,False,min-stack,Stack; Design
170,Two Sum III - Data structure design,Easy,True,two-sum-iii-data-structure-design,Array; Hash Table; Two Pointers; Design; Data Stream
173,Binary Search Tree Iterator,Medium,False,binary-search-tree-iterator,Stack; Tree; Design; Binary Search Tree; Binary Tree; Iterator
208,Implement Trie (Prefix Tree),Medium,False,implement-trie-prefix-tree,Hash Table; String; Design; Trie
211,Design Add and Search Words Data Structure,Medium,False,design-add-and-search-words-data-structure,String; Depth-First Search; Design; Trie
225,Implement Stack using Queues,Easy,False,implement-stack-using-queues,Stack; Design; Queue
232,Implement Queue using Stacks,Easy,False,implement-queue-using-stacks,Stack; Design; Queue
244,Shortest Word Distance II,Medium,True,shortest-word-distance-ii,Array; Hash Table; Two Pointers; String; Design
251,Flatten 2D Vector,Medium,True,flatten-2d-vector,Array; Two Pointers; Design; Iterator
271,Encode and Decode Strings,Medium,True,encode-and-decode-strings,Array; String; Design
281,Zigzag Iterator,Medium,True,zigzag-iterator,Array; Design; Queue; Iterator
284,Peeking Iterator,Medium,False,peeking-iterator,Array; Design; Iterator
288,Unique Word Abbreviation,Medium,True,unique-word-abbreviation,Array; Hash Table; String; Design
295,Find Median from Data Stream,Hard,False,find-median-from-data-stream,Two Pointers; Design; Sorting; Heap (Priority Queue); Data Stream
297,Serialize and Deserialize Binary Tree,Hard,False,serialize-and-deserialize-binary-tree,String; Tree; Depth-First Search; Breadth-First Search; Design; Binary Tree
303,Range Sum Query - Immutable,Easy,False,range-sum-query-immutable,Array; Design; Prefix Sum
304,Range Sum Query 2D - Immutable,Medium,False,range-sum-query-2d-immutable,Array; Design; Matrix; Prefix Sum
307,Range Sum Query - Mutable,Medium,False,range-sum-query-mutable,Array; Divide and Conquer; Design; Binary Indexed Tree; Segment Tree; Sqrt Decomposition
308,Range Sum Query 2D - Mutable,Medium,True,range-sum-query-2d-mutable,Array; Design; Binary Indexed Tree; Segment Tree; Matrix; Sqrt Decomposition
341,Flatten Nested List Iterator,Medium,False,flatten-nested-list-iterator,Stack; Tree; Depth-First Search; Design; Queue; Iterator
346,Moving Average from Data Stream,Easy,True,moving-average-from-data-stream,Array; Design; Queue; Data Stream
348,Design Tic-Tac-Toe,Medium,True,design-tic-tac-toe,Array; Hash Table; Design; Matrix; Simulation
352,Data Stream as Disjoint Intervals,Hard,False,data-stream-as-disjoint-intervals,Hash Table; Binary Search; Union-Find; Design; Data Stream; Ordered Set
353,Design Snake Game,Medium,True,design-snake-game,Array; Hash Table; Design; Queue; Simulation
355,Design Twitter,Medium,False,design-twitter,Hash Table; Linked List; Design; Heap (Priority Queue)
359,Logger Rate Limiter,Easy,True,logger-rate-limiter,Hash Table; Design; Data Stream
362,Design Hit Counter,Medium,True,design-hit-counter,Array; Binary Search; Design; Queue; Data Stream
379,Design Phone Directory,Medium,True,design-phone-directory,Array; Hash Table; Linked List; Design; Queue
380,Insert Delete GetRandom O(1),Medium,False,insert-delete-getrandom-o1,Array; Hash Table; Math; Design; Randomized
381,Insert Delete GetRandom O(1) - Duplicates allowed,Hard,False,insert-delete-getrandom-o1-duplicates-allowed,Array; Hash Table; Math; Design; Randomized
384,Shuffle an Array,Medium,False,shuffle-an-array,Array; Math; Design; Randomized
431,Encode N-ary Tree to Binary Tree,Hard,True,encode-n-ary-tree-to-binary-tree,Tree; Depth-First Search; Breadth-First Search; Design; Binary Tree
432,All O`one Data Structure,Hard,False,all-oone-data-structure,Hash Table; Linked List; Design; Doubly-Linked List
449,Serialize and Deserialize BST,Medium,False,serialize-and-deserialize-bst,String; Tree; Depth-First Search; Breadth-First Search; Design; Binary Search Tree; Binary Tree
460,LFU Cache,Hard,False,lfu-cache,Hash Table; Linked List; Design; Doubly-Linked List
535,Encode and Decode TinyURL,Medium,False,encode-and-decode-tinyurl,Hash Table; String; Design; Hash Function
588,Design In-Memory File System,Hard,True,design-in-memory-file-system,Hash Table; String; Design; Trie; Sorting
604,Design Compressed String Iterator,Easy,True,design-compressed-string-iterator,Array; String; Design; Iterator
622,Design Circular Queue,Medium,False,design-circular-queue,Array; Linked List; Design; Queue
631,Design Excel Sum Formula,Hard,True,design-excel-sum-formula,Array; Hash Table; String; Graph Theory; Design; Topological Sort; Matrix
635,Design Log Storage System,Medium,True,design-log-storage-system,Hash Table; String; Design; Ordered Set
641,Design Circular Deque,Medium,False,design-circular-deque,Array; Linked List; Design; Queue
642,Design Search Autocomplete System,Hard,True,design-search-autocomplete-system,String; Depth-First Search; Design; Trie; Sorting; Heap (Priority Queue); Data Stream
676,Implement Magic Dictionary,Medium,False,implement-magic-dictionary,Hash Table; String; Depth-First Search; Design; Trie
677,Map Sum Pairs,Medium,False,map-sum-pairs,Hash Table; String; Design; Trie
703,Kth Largest Element in a Stream,Easy,False,kth-largest-element-in-a-stream,Tree; Design; Binary Search Tree; Heap (Priority Queue); Binary Tree; Data Stream
705,Design HashSet,Easy,False,design-hashset,Array; Hash Table; Linked List; Design; Hash Function
706,Design HashMap,Easy,False,design-hashmap,Array; Hash Table; Linked List; Design; Hash Function
707,Design Linked List,Medium,False,design-linked-list,Linked List; Design
715,Range Module,Hard,False,range-module,Design; Segment Tree; Ordered Set
716,Max Stack,Hard,True,max-stack,Linked List; Stack; Design; Doubly-Linked List; Ordered Set
729,My Calendar I,Medium,False,my-calendar-i,Array; Binary Search; Design; Segment Tree; Ordered Set
731,My Calendar II,Medium,False,my-calendar-ii,Array; Binary Search; Design; Segment Tree; Prefix Sum; Ordered Set
732,My Calendar III,Hard,False,my-calendar-iii,Binary Search; Design; Segment Tree; Prefix Sum; Ordered Set
745,Prefix and Suffix Search,Hard,False,prefix-and-suffix-search,Array; Hash Table; String; Design; Trie
855,Exam Room,Medium,False,exam-room,Design; Heap (Priority Queue); Ordered Set
895,Maximum Frequency Stack,Hard,False,maximum-frequency-stack,Hash Table; Stack; Design; Ordered Set
900,RLE Iterator,Medium,False,rle-iterator,Array; Design; Counting; Iterator
901,Online Stock Span,Medium,False,online-stock-span,Stack; Design; Monotonic Stack; Data Stream
911,Online Election,Medium,False,online-election,Array; Hash Table; Binary Search; Design
919,Complete Binary Tree Inserter,Medium,False,complete-binary-tree-inserter,Tree; Breadth-First Search; Design; Binary Tree
933,Number of Recent Calls,Easy,False,number-of-recent-calls,Design; Queue; Data Stream
981,Time Based Key-Value Store,Medium,False,time-based-key-value-store,Hash Table; String; Binary Search; Design
1032,Stream of Characters,Hard,False,stream-of-characters,Array; String; Design; Trie; Data Stream; Aho–Corasick Algorithm
1146,Snapshot Array,Medium,False,snapshot-array,Array; Hash Table; Binary Search; Design; Persistent Data Structure
1157,Online Majority Element In Subarray,Hard,False,online-majority-element-in-subarray,Array; Binary Search; Design; Binary Indexed Tree; Segment Tree; Sqrt Decomposition; Boyer–Moore Majority Vote Algorithm
1166,Design File System,Medium,True,design-file-system,Hash Table; String; Design; Trie
1172,Dinner Plate Stacks,Hard,False,dinner-plate-stacks,Hash Table; Stack; Design; Heap (Priority Queue)
1206,Design Skiplist,Hard,False,design-skiplist,Linked List; Design
1244,Design A Leaderboard,Medium,True,design-a-leaderboard,Hash Table; Design; Sorting
1261,Find Elements in a Contaminated Binary Tree,Medium,False,find-elements-in-a-contaminated-binary-tree,Hash Table; Tree; Depth-First Search; Breadth-First Search; Design; Binary Tree
1286,Iterator for Combination,Medium,False,iterator-for-combination,String; Backtracking; Design; Iterator
1348,Tweet Counts Per Frequency,Medium,False,tweet-counts-per-frequency,Hash Table; String; Binary Search; Design; Sorting; Ordered Set
1352,Product of the Last K Numbers,Medium,False,product-of-the-last-k-numbers,Array; Math; Design; Data Stream; Prefix Sum
1357,Apply Discount Every n Orders,Medium,False,apply-discount-every-n-orders,Array; Hash Table; Design
1381,Design a Stack With Increment Operation,Medium,False,design-a-stack-with-increment-operation,Array; Stack; Design
1396,Design Underground System,Medium,False,design-underground-system,Hash Table; String; Design
1429,First Unique Number,Medium,True,first-unique-number,Array; Hash Table; Design; Queue; Data Stream
1472,Design Browser History,Medium,False,design-browser-history,Array; Linked List; Stack; Design; Doubly-Linked List; Data Stream
1476,Subrectangle Queries,Medium,False,subrectangle-queries,Array; Design; Matrix
1483,Kth Ancestor of a Tree Node,Hard,False,kth-ancestor-of-a-tree-node,Binary Search; Dynamic Programming; Bit Manipulation; Tree; Depth-First Search; Breadth-First Search; Design; Binary Lifting
1500,Design a File Sharing System,Medium,True,design-a-file-sharing-system,Hash Table; Design; Sorting; Heap (Priority Queue); Data Stream
1570,Dot Product of Two Sparse Vectors,Medium,True,dot-product-of-two-sparse-vectors,Array; Hash Table; Two Pointers; Design; Linear Algebra
1586,Binary Search Tree Iterator II,Medium,True,binary-search-tree-iterator-ii,Stack; Tree; Design; Binary Search Tree; Binary Tree; Iterator
1600,Throne Inheritance,Medium,False,throne-inheritance,Hash Table; Tree; Depth-First Search; Design
1603,Design Parking System,Easy,False,design-parking-system,Design; Simulation; Counting
1622,Fancy Sequence,Hard,False,fancy-sequence,Math; Design; Segment Tree; Number Theory; Fermat's Little Theorem
1628,Design an Expression Tree With Evaluate Function,Medium,True,design-an-expression-tree-with-evaluate-function,Array; Math; Stack; Tree; Design; Binary Tree
1656,Design an Ordered Stream,Easy,False,design-an-ordered-stream,Array; Hash Table; Design; Data Stream
1670,Design Front Middle Back Queue,Medium,False,design-front-middle-back-queue,Array; Linked List; Design; Queue; Doubly-Linked List; Data Stream
1724,Checking Existence of Edge Length Limited Paths II,Hard,True,checking-existence-of-edge-length-limited-paths-ii,Depth-First Search; Union-Find; Graph Theory; Design; Sorting; Heap (Priority Queue); Minimum Spanning Tree
1756,Design Most Recently Used Queue,Medium,True,design-most-recently-used-queue,Array; Linked List; Divide and Conquer; Design; Simulation; Doubly-Linked List; Sqrt Decomposition; Treap; Splay Tree
1797,Design Authentication Manager,Medium,False,design-authentication-manager,Hash Table; Linked List; Design; Doubly-Linked List
1804,Implement Trie II (Prefix Tree),Medium,True,implement-trie-ii-prefix-tree,Hash Table; String; Design; Trie
1825,Finding MK Average,Hard,False,finding-mk-average,Design; Queue; Heap (Priority Queue); Data Stream; Ordered Set; Treap
1845,Seat Reservation Manager,Medium,False,seat-reservation-manager,Design; Heap (Priority Queue)
1865,Finding Pairs With a Certain Sum,Medium,False,finding-pairs-with-a-certain-sum,Array; Hash Table; Design
1912,Design Movie Rental System,Hard,False,design-movie-rental-system,Array; Hash Table; Design; Heap (Priority Queue); Ordered Set
1993,Operations on Tree,Medium,False,operations-on-tree,Array; Hash Table; Tree; Depth-First Search; Breadth-First Search; Design
2013,Detect Squares,Medium,False,detect-squares,Array; Hash Table; Design; Counting; Data Stream
2034,Stock Price Fluctuation ,Medium,False,stock-price-fluctuation,Hash Table; Design; Heap (Priority Queue); Data Stream; Ordered Set
2043,Simple Bank System,Medium,False,simple-bank-system,Array; Hash Table; Design; Simulation
2069,Walking Robot Simulation II,Medium,False,walking-robot-simulation-ii,Design; Simulation
2080,Range Frequency Queries,Medium,False,range-frequency-queries,Array; Hash Table; Binary Search; Design; Segment Tree
2102,Sequentially Ordinal Rank Tracker,Hard,False,sequentially-ordinal-rank-tracker,Design; Heap (Priority Queue); Data Stream; Ordered Set
2166,Design Bitset,Medium,False,design-bitset,Array; Hash Table; String; Design
2227,Encrypt and Decrypt Strings,Hard,False,encrypt-and-decrypt-strings,Array; Hash Table; String; Design; Trie
2241,Design an ATM Machine,Medium,False,design-an-atm-machine,Array; Greedy; Design
2254,Design Video Sharing Platform,Hard,True,design-video-sharing-platform,Hash Table; Design; Heap (Priority Queue)
2276,Count Integers in Intervals,Hard,False,count-integers-in-intervals,Design; Segment Tree; Ordered Set
2286,Booking Concert Tickets in Groups,Hard,False,booking-concert-tickets-in-groups,Binary Search; Design; Binary Indexed Tree; Segment Tree
2296,Design a Text Editor,Hard,False,design-a-text-editor,Linked List; String; Stack; Design; Simulation; Doubly-Linked List
2336,Smallest Number in Infinite Set,Medium,False,smallest-number-in-infinite-set,Hash Table; Design; Heap (Priority Queue); Ordered Set
2349,Design a Number Container System,Medium,False,design-a-number-container-system,Hash Table; Design; Heap (Priority Queue); Ordered Set
2353,Design a Food Rating System,Medium,False,design-a-food-rating-system,Array; Hash Table; String; Design; Heap (Priority Queue); Ordered Set
2408,Design SQL,Medium,False,design-sql,Array; Hash Table; String; Design
2424,Longest Uploaded Prefix,Medium,False,longest-uploaded-prefix,Hash Table; Binary Search; Union-Find; Design; Binary Indexed Tree; Segment Tree; Heap (Priority Queue); Ordered Set
2502,Design Memory Allocator,Medium,False,design-memory-allocator,Array; Hash Table; Design; Simulation
2526,Find Consecutive Integers from a Data Stream,Medium,False,find-consecutive-integers-from-a-data-stream,Hash Table; Design; Queue; Counting; Data Stream
2590,Design a Todo List,Medium,True,design-a-todo-list,Array; Hash Table; String; Design; Sorting
2642,Design Graph With Shortest Path Calculator,Hard,False,design-graph-with-shortest-path-calculator,Graph Theory; Design; Heap (Priority Queue); Shortest Path
2671,Frequency Tracker,Medium,False,frequency-tracker,Hash Table; Design
3242,Design Neighbor Sum Service,Easy,False,design-neighbor-sum-service,Array; Hash Table; Design; Matrix; Simulation
3369,Design an Array Statistics Tracker ,Hard,True,design-an-array-statistics-tracker,Hash Table; Binary Search; Design; Queue; Heap (Priority Queue); Data Stream; Ordered Set
3391,Design a 3D Binary Matrix with Efficient Layer Tracking,Medium,True,design-a-3d-binary-matrix-with-efficient-layer-tracking,Array; Hash Table; Design; Heap (Priority Queue); Matrix; Ordered Set
3408,Design Task Manager,Medium,False,design-task-manager,Hash Table; Design; Heap (Priority Queue); Ordered Set
3484,Design Spreadsheet,Medium,False,design-spreadsheet,Array; Hash Table; String; Design; Matrix
3508,Implement Router,Medium,False,implement-router,Array; Hash Table; Binary Search; Design; Queue; Ordered Set
3709,Design Exam Scores Tracker,Medium,False,design-exam-scores-tracker,Array; Binary Search; Design; Prefix Sum
3815,Design Auction System,Medium,False,design-auction-system,Hash Table; Design; Heap (Priority Queue); Ordered Set
3822,Design Order Management System,Medium,True,design-order-management-system,Hash Table; Design
3829,Design Ride Sharing System,Medium,False,design-ride-sharing-system,Hash Table; Design; Queue; Data Stream
3885,Design Event Manager,Medium,False,design-event-manager,Array; Hash Table; Design; Heap (Priority Queue); Ordered Set
